region,date,response,interval,lower,upper
VNM.25_1,2026-09-21,1252.4664306640625,0.5,1077.1111281477206,1490.432808846353
VNM.25_1,2026-09-21,1252.4664306640625,0.75,965.1589034455648,1700.6101736563032
VNM.25_1,2026-09-21,1252.4664306640625,0.9,741.3247804366156,2115.2845145869187
VNM.25_1,2026-09-21,1252.4664306640625,0.95,644.5595374197195,2418.3958456033993
VNM.25_1,2026-09-21,1252.4664306640625,0.99,307.8530978795101,3426.1013563027204
VNM.25_1,2026-09-28,1637.885498046875,0.5,1349.0659497670422,2015.5196263233763
VNM.25_1,2026-09-28,1637.885498046875,0.75,1166.3159429528907,2299.982707657608
VNM.25_1,2026-09-28,1637.885498046875,0.9,1000.3585288305923,2718.0020965294784
VNM.25_1,2026-09-28,1637.885498046875,0.95,840.6595358892497,3221.641041616463
VNM.25_1,2026-09-28,1637.885498046875,0.99,373.60512976828363,4882.280707361504
VNM.25_1,2026-10-05,1275.580810546875,0.5,973.9636912499222,1638.1223520870547
VNM.25_1,2026-10-05,1275.580810546875,0.75,849.7222306173734,1914.8301905689452
VNM.25_1,2026-10-05,1275.580810546875,0.9,676.3541219544335,2391.802378549345
VNM.25_1,2026-10-05,1275.580810546875,0.95,554.9905000336312,2937.5039300401613
VNM.25_1,2026-10-05,1275.580810546875,0.99,303.9559534920815,5504.044734533893
VNM.25_1,2026-10-12,1561.20703125,0.5,1194.3856945587497,1943.6425946310785
VNM.25_1,2026-10-12,1561.20703125,0.75,1082.5673253122802,2252.8131969835235
VNM.25_1,2026-10-12,1561.20703125,0.9,863.2227150122992,2754.6583014621683
VNM.25_1,2026-10-12,1561.20703125,0.95,743.6978349353789,3154.9979633207654
VNM.25_1,2026-10-12,1561.20703125,0.99,363.48174455942296,4439.179905701397
VNM.25_1,2026-10-19,1260.964599609375,0.5,988.846722569025,1613.5834159086407
VNM.25_1,2026-10-19,1260.964599609375,0.75,768.957437469388,2003.4388685659183
VNM.25_1,2026-10-19,1260.964599609375,0.9,668.363195040868,2353.670593783552
VNM.25_1,2026-10-19,1260.964599609375,0.95,558.9042470508248,2851.838482633695
VNM.25_1,2026-10-19,1260.964599609375,0.99,228.65189936614217,3969.7289258364544
VNM.25_1,2026-10-26,1305.3642578125,0.5,937.4105386766464,1786.8622955613491
VNM.25_1,2026-10-26,1305.3642578125,0.75,730.5902012229428,2232.1003626994534
VNM.25_1,2026-10-26,1305.3642578125,0.9,454.76026662935,3269.0887820255275
VNM.25_1,2026-10-26,1305.3642578125,0.95,334.3977182993927,3751.085629337068
VNM.25_1,2026-10-26,1305.3642578125,0.99,94.9886813449509,5395.956691455029
VNM.25_1,2026-11-02,1813.408447265625,0.5,1242.4932678993368,2365.7683709826774
VNM.25_1,2026-11-02,1813.408447265625,0.75,1164.0538857881954,2999.1107695987594
VNM.25_1,2026-11-02,1813.408447265625,0.9,768.7330064417973,4339.831545364338
VNM.25_1,2026-11-02,1813.408447265625,0.95,603.1698808206629,5581.881399261935
VNM.25_1,2026-11-02,1813.408447265625,0.99,366.76902547638963,7163.461766453187
VNM.25_1,2026-11-09,1842.4078369140625,0.5,1277.5725720928508,2433.7510809604455
VNM.25_1,2026-11-09,1842.4078369140625,0.75,1157.7744635145857,3088.0413626367103
VNM.25_1,2026-11-09,1842.4078369140625,0.9,864.841700682405,3871.1462572604996
VNM.25_1,2026-11-09,1842.4078369140625,0.95,770.3239459704649,4401.478500189146
VNM.25_1,2026-11-09,1842.4078369140625,0.99,299.0863850371995,6449.387949256592
VNM.25_1,2026-11-16,2075.68798828125,0.5,1595.6908239482043,2707.7235702134876
VNM.25_1,2026-11-16,2075.68798828125,0.75,1300.4075076901468,3474.2806501599234
VNM.25_1,2026-11-16,2075.68798828125,0.9,1082.073049733347,4435.123630060225
VNM.25_1,2026-11-16,2075.68798828125,0.95,781.1765676645043,5018.262990246979
VNM.25_1,2026-11-16,2075.68798828125,0.99,794.4904428959622,5417.072458623707
VNM.25_1,2026-11-23,1524.910888671875,0.5,1122.8798443555283,2088.776514708344
VNM.25_1,2026-11-23,1524.910888671875,0.75,925.5352374595997,2602.468977048585
VNM.25_1,2026-11-23,1524.910888671875,0.9,640.4452702301153,3672.6185615247236
VNM.25_1,2026-11-23,1524.910888671875,0.95,461.15003985428456,5077.8289402220635
VNM.25_1,2026-11-23,1524.910888671875,0.99,56.39594151075255,34182.45057779496
VNM.25_1,2026-11-30,1874.92236328125,0.5,1236.3431896954628,2488.9473358520618
VNM.25_1,2026-11-30,1874.92236328125,0.75,682.8585737104095,3254.76641309675
VNM.25_1,2026-11-30,1874.92236328125,0.9,776.2936749390076,4575.070481288076
VNM.25_1,2026-11-30,1874.92236328125,0.95,679.8607496168005,5152.817015887483
VNM.25_1,2026-11-30,1874.92236328125,0.99,438.0079758732701,8121.134185547884
VNM.25_1,2026-12-07,1840.3104248046875,0.5,935.4155651641651,2342.6499486352614
VNM.25_1,2026-12-07,1840.3104248046875,0.75,1134.2436547459913,3474.8950862831744
VNM.25_1,2026-12-07,1840.3104248046875,0.9,811.3305470871098,4896.683679954514
VNM.25_1,2026-12-07,1840.3104248046875,0.95,492.60718469191255,5313.549134410882
VNM.25_1,2026-12-07,1840.3104248046875,0.99,128.56344456604117,7570.9771805296805
