"0","#| label: visualization"
"0","#| code-summary: ""Vẽ biểu đồ chuyên nghiệp với ggplot2"""
"0","#| fig-width: 10"
"0","#| fig-height: 6"
"0",""
"0","# Lấy tuần ranh giới để vẽ đường kẻ dọc"
"0","cutoff_week <- last_actual$week"
"0",""
"0","ggplot() +"
"0","  # 1. Vẽ dải băng (ribbon) cho khoảng tin cậy 95%"
"0","  geom_ribbon(data = predict_connected, "
"0","              aes(x = week, ymin = lower, ymax = upper, fill = ""Khoảng tin cậy 95%""), "
"0","              alpha = 0.15) +"
"0","              "
"0","  # 2. Đường phân định Quá khứ / Tương lai theo trục tuần"
"0","  geom_vline(xintercept = cutoff_week, "
"0","             linetype = ""dotted"", color = ""#7F8C8D"", linewidth = 1) +"
"0","  annotate(""text"", x = cutoff_week - 0.5, y = max(predict_connected$upper)*0.95, "
"0","           label = ""Dữ liệu thực tế"", hjust = 1, color = ""#2C3E50"", fontface = ""italic"") +"
"0","  annotate(""text"", x = cutoff_week + 0.5, y = max(predict_connected$upper)*0.95, "
"0","           label = ""Dự báo"", hjust = 0, color = ""#E74C3C"", fontface = ""italic"") +"
"0","  "
"0","  # 3. Đường số ca thực tế (Chỉ dùng Line, trục X là week)"
"0","  geom_line(data = actual_cases, "
"0","            aes(x = week, y = actual_cases, color = ""Thực tế""), "
"0","            linewidth = 1.2) +"
"0","  "
"0","  # 4. Đường số ca dự báo (Line đứt nét + Point đặc màu đỏ)"
"0","  geom_line(data = predict_connected, "
"0","            aes(x = week, y = predicted_cases, color = ""Dự báo""), "
"0","            linewidth = 1.2, linetype = ""solid"") +"
"0","  geom_point(data = predict_cases, "
"0","             aes(x = week, y = predicted_cases, color = ""Dự báo""), "
"0","             size = 1.5) + # Mặc định ggplot sẽ dùng hình tròn đặc (shape = 19) và tô màu theo scale_color_manual"
"0","  "
"0","  # 5. Cài đặt màu sắc và định dạng trục"
"0","  scale_x_continuous(breaks = seq(1,52,5), expand = c(0.02, 0)) +"
"0","  scale_y_continuous(labels = scales::comma_format(), expand = c(0.05, 0)) +"
"0","  scale_color_manual("
"0","    name = """","
"0","    values = c(""Thực tế"" = ""#2C3E50"", ""Dự báo"" = ""#E74C3C"")"
"0","  ) +"
"0","  scale_fill_manual("
"0","    name = """", "
"0","    values = c(""Khoảng tin cậy 95%"" = ""#E74C3C"")"
"0","  ) +"
"0","  "
"0","  # 6. Tùy chỉnh giao diện"
"0","  theme_classic(base_size = 14, base_family = ""sans"") +"
"0","  labs("
"0","    title = ""Dự báo số ca sốt xuất huyết trong 12 tuần tiếp theo"","
"0","    subtitle = ""Toàn Thành phố"","
"0","    x = ""Tuần"","
"0","    y = ""Số ca"","
"0","    caption = ""Mô hình XGBoost sử dụng dữ liệu từ 2017 đến tuần mới nhất"""
"0","  ) +"
"0","  theme("
"0","    plot.title = element_text(face = ""bold"", size = 18, color = ""black""),"
"0","    plot.subtitle = element_text(size = 15, color = ""black"", margin = margin(b = 15)),"
"0","    plot.caption = element_text(size = 11, color = ""black"", margin = margin(t = 15)),"
"0","    axis.title.x = element_text(margin = margin(t = 10), face = ""bold"", color = ""black""),"
"0","    axis.title.y = element_text(margin = margin(r = 10), face = ""bold"", color = ""black""),"
"0","    axis.text = element_text(color = ""black"", size = 12),"
"0","    legend.position = ""top"","
"0","    legend.justification = ""left"","
"0","    legend.box.margin = margin(b = -10),"
"0","    panel.grid.major.y = element_line(color = ""#E5E8E8"", linewidth = 0.5),"
"0","    panel.grid.major.x = element_line(color = ""#E5E8E8"", linewidth = 0.5, linetype = ""dashed""),"
"0","    panel.grid.minor = element_blank(),"
"0","    plot.margin = margin(20, 20, 20, 20)"
"0","  )"
