"0","#| label: data-processing"
"0","#| code-summary: ""Xử lý nối liền đường thực tế và dự báo"""
"0",""
"0","# Xác định điểm dữ liệu thực tế cuối cùng"
"0","last_actual <- actual_cases %>% "
"0","  filter(week == max(week, na.rm = TRUE))"
"0",""
"0","# Tạo điểm neo cho tập dự báo"
"0","anchor_point <- predict_cases %>%"
"0","  distinct(interval) %>%"
"0","  mutate("
"0","    date = last_actual$date,"
"0","    week = last_actual$week,"
"0","    predicted_cases = last_actual$actual_cases, "
"0","    lower = last_actual$actual_cases,           "
"0","    upper = last_actual$actual_cases,"
"0","    region = predict_cases$region[1] "
"0","  )"
"0",""
"0","# Gộp điểm neo vào tập dự báo 95%"
"0","predict_connected <- bind_rows(anchor_point, predict_cases) %>%"
"0","  arrange(date)"
