"0","library(tidyverse)"
"0","library(MASS)      # Negative Binomial"
"0","library(mgcv)      # GAM"
"0","library(forecast)  # SARIMA"
"0","library(gt)"
"0","library(patchwork)"
"0",""
"0","# Hàm xử lý dữ liệu đầu vào thành chuỗi thời gian liên tục 520 tuần"
"0","prep_continuous_ts <- function(df_cases, disease_name) {"
"0","  df_cases %>%"
"0","    pivot_longer(cols = -Week, names_to = ""Year"", values_to = ""Cases"") %>%"
"0","    mutate("
"0","      Year = as.numeric(Year),"
"0","      Disease = disease_name"
"0","    ) %>%"
"0","    filter(Year != 2026) %>%"
"0","    arrange(Year, Week) %>%"
"0","    # BƯỚC QUAN TRỌNG CHUẨN BỊ CHO TIME-SERIES:"
"0","    mutate("
"0","      Time_Index = row_number(), # Trục t chạy liên tục từ 1 -> 520"
"0","      # Giả lập cột Date (Ngày đầu tiên của tuần) để mớm cho Prophet"
"0","      Date = as.Date(paste0(Year, ""-01-01"")) + (Week - 1) * 7 "
"0","    ) %>%"
"0","    # Bọc lót loại bỏ hoàn toàn NA để mô hình không báo lỗi"
"0","    mutate(Cases = replace_na(Cases, 0))"
"0","}"
"0",""
"0","df_ts_sxh <- prep_continuous_ts(sxh_cases, ""Dengue"")"
"2","Error: object 'sxh_cases' not found
"
